generator,seq_id,n_provoked_turns,mean_raw_impulse,mean_react_regulated,mean_react_baseline,dampening_diff,dampening_ratio
GPT,S1,7,0.441,1.286,1.857,0.571,0.692
GPT,S2,7,0.403,1.286,1.571,0.286,0.818
GPT,S3,5,0.25,1.4,1.6,0.2,0.875
GPT,S4,4,0.432,1.25,1.5,0.25,0.833
GPT,S5,4,0.411,1.5,1.5,0.0,1.0
Opus,S1,7,0.449,2,2.857,0.857,0.7
Opus,S2,7,0.471,1.571,2.286,0.714,0.688
Opus,S3,6,0.274,1.333,1.667,0.333,0.8
Opus,S4,4,0.468,1.5,2.25,0.75,0.667
Opus,S5,4,0.459,1.5,2.25,0.75,0.667
Gemini,S1,7,0.431,1,2.714,1.714,0.368
Gemini,S2,7,0.466,1.429,2.286,0.857,0.625
Gemini,S3,6,0.233,1,1.833,0.833,0.545
Gemini,S4,4,0.484,1,3.75,2.75,0.267
Gemini,S5,4,0.44,1,3.75,2.75,0.267
